{
  "mean": [
    15.637551307678223,
    16.923139572143555,
    16.822391510009766,
    16.71995735168457,
    17.798818588256836,
    17.773509979248047,
    17.83729362487793,
    18.358478546142578,
    17.9212646484375,
    17.89328956604004,
    17.39158821105957,
    17.29935646057129,
    17.368602752685547,
    17.506956100463867,
    17.485977172851562,
    17.350055694580078,
    17.144203186035156,
    16.917232513427734,
    16.664018630981445,
    16.391685485839844,
    16.14568328857422,
    15.940634727478027,
    15.770298957824707,
    15.61804485321045,
    15.464021682739258,
    15.357192039489746,
    15.381829261779785,
    15.079191207885742,
    15.000809669494629,
    15.170866012573242,
    14.815556526184082,
    14.997357368469238,
    14.849116325378418,
    15.036391258239746,
    14.997495651245117,
    15.095179557800293,
    15.101740837097168,
    15.14519214630127,
    15.180743217468262,
    15.156403541564941,
    15.10532283782959,
    15.052924156188965,
    15.000785827636719,
    14.922870635986328,
    14.845956802368164,
    14.808100700378418,
    14.871763229370117,
    14.811545372009277,
    14.901408195495605,
    14.831536293029785,
    14.855134010314941,
    14.778738975524902,
    14.771122932434082,
    14.732138633728027,
    14.647477149963379,
    14.561445236206055,
    14.481091499328613,
    14.422819137573242,
    14.360650062561035,
    14.320985794067383,
    14.269508361816406,
    14.194745063781738,
    14.015007972717285,
    13.864882469177246,
    13.71847915649414,
    13.572352409362793,
    13.416520118713379,
    13.26490306854248,
    13.141557693481445,
    13.059102058410645,
    12.958319664001465,
    12.893214225769043,
    12.862544059753418,
    12.809120178222656,
    12.764240264892578,
    12.69538688659668,
    12.663688659667969,
    12.577835083007812,
    12.516019821166992,
    12.431295394897461
  ],
  "invstddev": [
    0.2907441258430481,
    0.2902139723300934,
    0.2692812979221344,
    0.26928815245628357,
    0.23503832519054413,
    0.2255384773015976,
    0.21647363901138306,
    0.20862863957881927,
    0.2129201591014862,
    0.21450363099575043,
    0.21588537096977234,
    0.21638962626457214,
    0.21542198956012726,
    0.2138291299343109,
    0.21290543675422668,
    0.21341055631637573,
    0.2152717262506485,
    0.21785758435726166,
    0.22014079988002777,
    0.22229592502117157,
    0.2258182317018509,
    0.229590505361557,
    0.23325258493423462,
    0.23702110350131989,
    0.24055296182632446,
    0.24432097375392914,
    0.2479754239320755,
    0.25079545378685,
    0.25225189328193665,
    0.2529183626174927,
    0.2534293234348297,
    0.25444915890693665,
    0.25508981943130493,
    0.26440101861953735,
    0.27133750915527344,
    0.2644997835159302,
    0.257159560918808,
    0.2571694552898407,
    0.25754109025001526,
    0.2585192620754242,
    0.2599046528339386,
    0.26100826263427734,
    0.2632879614830017,
    0.2646331489086151,
    0.26438355445861816,
    0.263375461101532,
    0.2620519995689392,
    0.259790301322937,
    0.25840267539024353,
    0.2579191029071808,
    0.25915762782096863,
    0.2594946622848511,
    0.260376900434494,
    0.2614041864871979,
    0.262315034866333,
    0.26391837000846863,
    0.26464715600013733,
    0.2644098997116089,
    0.26398345828056335,
    0.2636142671108246,
    0.2644863724708557,
    0.26914820075035095,
    0.2653448283672333,
    0.2650754153728485,
    0.2656823992729187,
    0.2668116092681885,
    0.2679266929626465,
    0.2683681547641754,
    0.26889851689338684,
    0.2706693708896637,
    0.27155616879463196,
    0.2738206088542938,
    0.27583277225494385,
    0.2766948342323303,
    0.27835148572921753,
    0.2804813086986542,
    0.2821349799633026,
    0.2801983952522278,
    0.2796038091182709,
    0.27942603826522827
  ]
}