{
  "mean": [
    14.762723922729492,
    16.020633697509766,
    16.911531448364258,
    16.80994415283203,
    18.72406005859375,
    18.84550666809082,
    19.021404266357422,
    19.623443603515625,
    19.403806686401367,
    19.52766990661621,
    19.253433227539062,
    19.211227416992188,
    19.216045379638672,
    19.315574645996094,
    19.267532348632812,
    19.146976470947266,
    18.98181915283203,
    18.81462287902832,
    18.67916488647461,
    18.5198917388916,
    18.360441207885742,
    18.18699836730957,
    18.008447647094727,
    17.82094955444336,
    17.644861221313477,
    17.51972007751465,
    17.51348876953125,
    17.171707153320312,
    17.070415496826172,
    17.21990394592285,
    16.868940353393555,
    17.048307418823242,
    16.894960403442383,
    17.04732322692871,
    16.955705642700195,
    17.053966522216797,
    17.037548065185547,
    17.03425407409668,
    17.03618621826172,
    16.979724884033203,
    16.889690399169922,
    16.779285430908203,
    16.689767837524414,
    16.62590789794922,
    16.600360870361328,
    16.610321044921875,
    16.692338943481445,
    16.61323356628418,
    16.638328552246094,
    16.494739532470703,
    16.42980194091797,
    16.23759651184082,
    16.144210815429688,
    16.018585205078125,
    15.985218048095703,
    15.947102546691895,
    15.894798278808594,
    15.832999229431152,
    15.704426765441895,
    15.538087844848633,
    15.378302574157715,
    15.19461441040039,
    15.00456714630127,
    14.861663818359375,
    14.676336288452148,
    14.594626426696777,
    14.561753273010254,
    14.464197158813477,
    14.43082046508789,
    14.388801574707031,
    14.257562637329102,
    14.231459617614746,
    14.19768238067627,
    14.123900413513184,
    14.159867286682129,
    14.059795379638672,
    13.968880653381348,
    13.927794456481934,
    13.645783424377441,
    12.086114883422852
  ],
  "invstddev": [
    0.3553205132484436,
    0.3363242745399475,
    0.3194723129272461,
    0.3199574947357178,
    0.28755369782447815,
    0.2879481613636017,
    0.27939942479133606,
    0.27543479204177856,
    0.2806696891784668,
    0.28141146898269653,
    0.2753477990627289,
    0.274241179227829,
    0.27815768122673035,
    0.27794352173805237,
    0.2763032615184784,
    0.2744459807872772,
    0.27375343441963196,
    0.27415215969085693,
    0.27628427743911743,
    0.27667510509490967,
    0.2806207835674286,
    0.28371962904930115,
    0.2893684506416321,
    0.2944427728652954,
    0.2989389896392822,
    0.30326008796691895,
    0.30760079622268677,
    0.3089521527290344,
    0.3105863034725189,
    0.31274259090423584,
    0.31318506598472595,
    0.3154853880405426,
    0.3167822062969208,
    0.3182784914970398,
    0.31875282526016235,
    0.3185810148715973,
    0.31908345222473145,
    0.3207632303237915,
    0.32282087206840515,
    0.3241617977619171,
    0.3260948061943054,
    0.32735878229141235,
    0.32947203516960144,
    0.33052706718444824,
    0.3309975266456604,
    0.3301711678504944,
    0.32793518900871277,
    0.3252142369747162,
    0.32336947321891785,
    0.32320502400398254,
    0.3264254927635193,
    0.32860180735588074,
    0.3322647213935852,
    0.3100382685661316,
    0.3216720223426819,
    0.32280418276786804,
    0.32710719108581543,
    0.3284962773323059,
    0.3319654166698456,
    0.32880258560180664,
    0.33075764775276184,
    0.32947179675102234,
    0.32880640029907227,
    0.3296009302139282,
    0.324250727891922,
    0.3247823715209961,
    0.328702837228775,
    0.32418182492256165,
    0.3247915208339691,
    0.3251509964466095,
    0.31811773777008057,
    0.3195462226867676,
    0.3187839686870575,
    0.31459841132164,
    0.32190003991127014,
    0.3193890154361725,
    0.315574049949646,
    0.317360520362854,
    0.3075887858867645,
    0.3034747838973999
  ]
}
