{
  "mean": [
    15.058613777160645,
    16.34557342529297,
    16.34653663635254,
    16.240671157836914,
    17.45355224609375,
    17.445302963256836,
    17.52323341369629,
    18.076807022094727,
    17.699262619018555,
    17.706790924072266,
    17.24724578857422,
    17.153791427612305,
    17.213361740112305,
    17.347240447998047,
    17.331117630004883,
    17.21516227722168,
    17.030071258544922,
    16.818960189819336,
    16.573062896728516,
    16.29717254638672,
    16.00996971130371,
    15.794167518615723,
    15.616395950317383,
    15.459056854248047,
    15.306838989257812,
    15.199165344238281,
    15.208144187927246,
    14.883454322814941,
    14.787869453430176,
    14.947835922241211,
    14.5912504196167,
    14.76955509185791,
    14.617781639099121,
    14.840407371520996,
    14.83073616027832,
    14.909119606018066,
    14.89070987701416,
    14.918207168579102,
    14.939517974853516,
    14.913643836975098,
    14.863334655761719,
    14.803299903869629,
    14.751264572143555,
    14.688116073608398,
    14.63498306274414,
    14.615056037902832,
    14.680213928222656,
    14.616259574890137,
    14.707776069641113,
    14.630264282226562,
    14.644737243652344,
    14.547430038452148,
    14.529033660888672,
    14.49357795715332,
    14.411538124084473,
    14.33312702178955,
    14.260393142700195,
    14.204919815063477,
    14.130182266235352,
    14.06987476348877,
    14.010197639465332,
    13.938552856445312,
    13.750232696533203,
    13.607213973999023,
    13.457777976989746,
    13.31512451171875,
    13.167718887329102,
    13.019341468811035,
    12.8869047164917,
    12.795098304748535,
    12.685126304626465,
    12.620392799377441,
    12.58949089050293,
    12.537697792053223,
    12.496938705444336,
    12.410022735595703,
    12.346826553344727,
    12.221966743469238,
    12.122841835021973,
    12.005624771118164
  ],
  "invstddev": [
    0.25952333211898804,
    0.2590482831001282,
    0.24866817891597748,
    0.24776232242584229,
    0.22200720012187958,
    0.21363843977451324,
    0.20652402937412262,
    0.19909949600696564,
    0.2021811604499817,
    0.20355898141860962,
    0.20546883344650269,
    0.2061648815870285,
    0.20569036900997162,
    0.20412985980510712,
    0.20357738435268402,
    0.2041499763727188,
    0.2055872678756714,
    0.20807604491710663,
    0.21054454147815704,
    0.21341396868228912,
    0.21418628096580505,
    0.22065168619155884,
    0.2248840034008026,
    0.22723940014839172,
    0.230172261595726,
    0.23371541500091553,
    0.23734734952449799,
    0.23960146307945251,
    0.24088498950004578,
    0.241532102227211,
    0.24218633770942688,
    0.24371792376041412,
    0.2447739839553833,
    0.25564682483673096,
    0.2632736265659332,
    0.2549223005771637,
    0.24608071148395538,
    0.2464841604232788,
    0.2470586597919464,
    0.24785254895687103,
    0.24904784560203552,
    0.2503036856651306,
    0.25226327776908875,
    0.2532329559326172,
    0.2527913451194763,
    0.2518651783466339,
    0.2504975199699402,
    0.24836081266403198,
    0.24765831232070923,
    0.24767662584781647,
    0.24965286254882812,
    0.2501370906829834,
    0.2508895993232727,
    0.2512582540512085,
    0.25150999426841736,
    0.2525503635406494,
    0.25313329696655273,
    0.2534785270690918,
    0.25330957770347595,
    0.25366073846817017,
    0.25502219796180725,
    0.2608155608177185,
    0.25662899017333984,
    0.2558451294898987,
    0.25671014189720154,
    0.2577403485774994,
    0.25914356112480164,
    0.2596718966960907,
    0.25953933596611023,
    0.2610883116722107,
    0.26132410764694214,
    0.26272818446159363,
    0.26397505402565,
    0.26440608501434326,
    0.26543495059013367,
    0.26753780245780945,
    0.26935192942619324,
    0.26732245087623596,
    0.26666897535324097,
    0.2663257420063019
  ]
}
